GameID,Transformer_Color,PGN,NumMoves,Result
1,White,1.e4 d5 2.Nc3 e6 3.d4 Nc6 4.f4 dxe4 5.Nxe4 Qd5 6.Nf6 Nxf6,7,*
2,Black,1.a3 e5 2.e3 Nc6 3.d4 e4 4.d5 Nf6 5.dxc6 dxc6 6.Nc3,6,*
3,White,1.e4 e6 2.f4 Nc6 3.Bc4 d5 4.exd5 exd5 5.d3 dxc4 6.f5 Bb4+,7,*
4,Black,1.c4 e5 2.g3 Nc6 3.Nc3 a6 4.a3 d5 5.cxd5 Bc5 6.dxc6,6,*
5,White,1.e4 d5 2.Nc3 d4 3.Nf3 dxc3 4.dxc3 Nf6 5.e5 Ne4 6.Qe2 Qd5,7,*
6,Black,1.d4 d5 2.c3 f6 3.a4 g6 4.a5 f5 5.h4 b5 6.Bf4 e6 7.Be5 Nf6 8.Nf3 g5 9.hxg5 f4 10.Bxf4,10,*
7,White,1.c4 e6 2.g3 b6 3.Bg2 d5 4.Nf3 Nf6 5.d3 c6 6.e4 dxc4 7.dxc4+ Bb4+,8,*
8,Black,1.f3 d5 2.e3 Nf6 3.Nc3 b5 4.Nxb5 a6 5.Na3 Kd7 6.b3 c5 7.Bb2 c4 8.Ne2 a5 9.bxc4,9,*
9,White,1.d4 Nf6 2.c4 d5 3.Nc3 e6 4.e4 dxe4 5.Nxe4 Bb4+ 6.Bd2 Bxd2+ 7.Kxd2 Nxe4+ 8.Kc1# a5,9,*
10,Black,1.c4 Nf6 2.e3 e6 3.Nf3 d5 4.Be2 Bd6 5.O-O Be7 6.d4 c5 7.Nc3 a5 8.cxd5,8,*
11,White,1.e4 e6 2.d4 d5 3.Nc3 a6 4.Nf3 Nf6 5.Bd3 Nxe4 6.Nxe4 dxe4 7.Qe2 exf3,8,*
12,Black,1.h3 e5 2.d4 c6 3.dxe5 d6 4.Nf3,4,*
13,White,1.c3 e5 2.d4 e4 3.Nd2 Qe7 4.f3 f5 5.h4 Nf6 6.Ne4 fxe4 7.fxe4+ Qxe4 8.g4 Bd6,9,*
14,Black,1.c4 e6 2.e3 Be7 3.Nf3 d5 4.a3 Nf6 5.Be2,5,*
15,White,1.e4 e5 2.Nf3 d6 3.d4 Nd7 4.Nc3 a6 5.Nb5 axb5 6.a4 c6 7.b4 h5 8.Nd2 Ngf6 9.a5 Qc7,10,*
16,Black,1.Na3 d5 2.e3 Nf6 3.c3 e6 4.Qc2 Be7 5.d4 Nbd7 6.Be2 c6 7.Nf3,7,*
17,White,1.e4 d5 2.exd5 Nf6 3.Bc4 a6 4.Nf3 c6 5.d4 Bg4 6.c3 cxd5 7.Be2 e6 8.Nbd2 Be7,9,*
18,Black,1.e4 e5 2.d4 c6 3.dxe5 d5 4.Nf3 Bg4 5.exd5,5,*
19,White,1.d4 c6 2.Nf3 a5 3.g3 a4 4.Bg2 g6 5.Nc3 d5 6.Bg5 a3 7.Nxe4 dxe4,8,*
20,Black,1.g4 c5 2.Nc3 d6 3.e4 Nf6 4.Be2 Nc6 5.h4 e6 6.Nh3 Be7 7.d3 e5 8.g5 h6 9.f4 Nxe4 10.dxe4,10,*
21,White,1.d4 e6 2.c4 d5 3.Nc3 dxc4 4.e4 c5 5.Nf3 Nc6 6.Bd3 cxd4 7.Nxd4 Ne5 8.Nc6 Nxc6 9.e5 Bd7,10,*
22,Black,1.Nc3 e5 2.g3 Nc6 3.e4 Nf6 4.Bg2 Nd4 5.a3 d5 6.Nxd5 Nxd5 7.exd5 Qxd5 8.Bxd5,8,*
23,White,1.c4 c5 2.Nc3 Nc6 3.g3 Nh6 4.Bg2 g6 5.d3 Rb8 6.Nf3 Nf5 7.Qb3 Bg7 8.e4 Nfd4 9.Ne5 Nxe5,10,*
24,Black,1.d3 Nf6 2.e4 e6 3.c3 Nc6 4.a4 Ne5 5.f4 d5 6.fxe5,6,*
25,White,1.c4 e5 2.Nc3 Bc5 3.Nf3 Qe7 4.d3 Nc6 5.Bg5 f6 6.Bxf6 Qxf6,7,*
26,Black,1.g4 e5 2.c4 Nc6 3.Bg2 Bc5 4.Nc3 Nf6 5.e3 a6 6.h3 d6 7.Nge2 Ng4 8.hxg4 Bd7 9.Ng3 h6 10.Nge4,10,*
27,White,1.e4 e6 2.Nf3 Nf6 3.d4 Nxe4 4.d5 Be7 5.Ng5 Nxf2 6.Bf4 Bc5 7.a3 Qf6,8,*
28,Black,1.b3 g6 2.e4 Bg7 3.c3 e6 4.Nf3 d6 5.d4 c5 6.dxc5 dxc5+ 7.Qxd8+ Kxd8 8.Ng5,8,*
29,White,1.e4 e6 2.d4 d5 3.exd5 Qxd5 4.Be2 Bd7 5.Nf3 Nc6 6.Bd3 Nb4,7,*
30,Black,1.h3 d5 2.c3 c6 3.d3 d4 4.cxd4 Qxd4 5.e3 Nf6 6.Qc2 e5 7.exd4 exd4+ 8.Qb3 Bd7 9.Bd2 Ne4 10.h4 h6 11.g3 Ng5 12.Bg2,12,*
31,White,1.e4 d5 2.exd5 e6 3.Nc3 exd5 4.d3 Bb4 5.Be2 Ne7 6.Nf3 O-O 7.O-O Re8 8.Re1 Nf5 9.d4 h6 10.Nd5 Qxd5,11,*
32,Black,1.d3 d5 2.g3 Nf6 3.Nf3 b6 4.a4 Bb7 5.c3 e6 6.Bf4 Be7 7.Nbd2 Bb4 8.Bg2 Nxg4 9.cxb4 Nf6 10.b5 d4 11.Nc4 h5 12.Qc1,12,*
33,White,1.b3 c5 2.Bb2 Nc6 3.e3 e5 4.Nf3 f6 5.Nd4 exd4 6.e4 h5 7.Bb5 d6,8,*
34,Black,1.d3 d5 2.d4 c6 3.Nf3 Nd7 4.c3 e5 5.e4 dxe4 6.Ng5,6,*
35,White,1.f4 d5 2.c4 e5 3.d3 Bb4+ 4.Bd2 Bd6 5.Nf3 Nd7 6.Nxe5 Nxe5,7,*
36,Black,1.g4 d5 2.g5 Bf5 3.d4 c5 4.Nf3 Nc6 5.c4 e6 6.cxd5 exd5 7.Bf4 Nge7 8.Nc3 Bxg6 9.h4 Nf5 10.h5,10,*
37,White,1.e4 e5 2.Nf3 d5 3.Nc3 dxe4 4.Nxe4 Nc6 5.Bc4 Bg4 6.h3 Bh5 7.Ne5 Qd4 8.c3 Qxe5,9,*
38,Black,1.g3 e5 2.d4 Nc6 3.e3 f5 4.Nc3 Nf6 5.a3 d5 6.dxe5 Ke7 7.exf6+ Ke6 8.f4 a6 9.Nh3,9,*
39,White,1.c4 c5 2.d4 Qa5+ 3.Bd2 Qc7,4,*
40,Black,1.f4 e5 2.e4 d6 3.Nf3 h6 4.d4 d5 5.Nxe5,5,*
41,White,1.d4 Nf6 2.e4 d6 3.Nc3 a6 4.Bd3 g6 5.Nf3 Nc6 6.h3 e5,7,*
42,Black,1.a4 g6 2.e4 Bg7 3.Bc4 c6 4.Nf3 d6 5.d4 Nf6 6.Qe2 c5 7.Nc3 e5 8.dxc5 Bd7 9.cxd6,9,*
43,White,1.e4 d5 2.exd5 e5 3.Nc3 Bb4 4.Nf3 Nd7 5.d4 Bd6 6.Bf4 exf4 7.Nxh4 Qe7+,8,*
44,Black,1.f4 g6 2.e3 Bg7 3.Be2 d6 4.Nc3 Nf6 5.d4 c6 6.Bd2,6,*
45,White,1.e4 c5 2.Nf3 Nf6 3.Nc3 e6 4.Bb5 h6 5.Ba4 c4 6.d4 Be7 7.e5 Nd5 8.Nxd5 Qa5+,9,*
46,Black,1.Nf3 Nc6 2.e3 Nf6 3.Be2 e5 4.d3 d6 5.e4 Nxe4 6.dxe4,6,*
47,White,1.Nf3 c5 2.d3 Nf6 3.Nc3 e6 4.g3 Be7 5.Bg2 h6 6.e4 d6 7.h4 Bd7 8.Ke2 b5 9.Bf4 b4 10.Rc1 bxc3 11.e5 Nd5,12,*
48,Black,1.g3 e6 2.Bg2 d5 3.a3 Nc6 4.d4 Nf6 5.Nc3 Bd6 6.Nf3 e5 7.Bg5 h5 8.Nxe5 Bd7 9.Qd3 Rxh6 10.Nxd5 Nxd5+ 11.Bxd8,11,*
49,White,1.e4 c5 2.d4 cxd4 3.Nf3 Nc6 4.Nc3 dxc3 5.g3 e5,6,*
50,Black,1.Nf3 Nc6 2.e4 e5 3.c3 Nf6 4.d3 Bb4 5.cxb4 b6 6.Bd2 d6 7.b5 Nxd5 8.Nc3 Nc3 9.bxc3 f5 10.h3 a6 11.Bg5 Rg8 12.Be2 Nd4 13.h4,13,*
